{"cameraMode":{"drawMode":0,"name":"Shaded","section":"Shading Mode"},"sceneLighting":true,"audioPlay":true,"sceneViewState":{"showFog":true,"showMaterialUpdate":false,"showSkybox":true,"showFlares":true,"showImageEffects":true,"showParticleSystems":true},"in2DMode":false,"pivot":{"x":-2.029144525527954,"y":7.230879783630371,"z":6.52194881439209},"rotation":{"x":0.02171063795685768,"y":0.910352349281311,"z":-0.04811513423919678,"w":0.4104924201965332},"size":29.564172744750978,"orthographic":false}